ion,hmdbID
C8H20NO6P+K+,['HMDB0000086']
C8H20NO6P+Na+,['HMDB0000086']
C10H14N5O7P+H+,"['HMDB0000045', 'HMDB0001044', 'HMDB0003540', 'HMDB0011617', 'HMDB0059594']"
C8H20NO6P+H+,['HMDB0000086']
C10H13N5O4+H+,"['HMDB0000050', 'HMDB0000085', 'HMDB0014340', 'HMDB0014638']"
C10H15N5O10P2+H+,"['HMDB0000061', 'HMDB0000960', 'HMDB0001341']"
C7H15NO3+H+,"['HMDB0000062', 'HMDB0062496']"
C7H16NO3+,['HMDB0062634']
C4H9N3O2+Na+,"['HMDB0000064', 'HMDB0013222']"
C4H9N3O2+K+,"['HMDB0000064', 'HMDB0013222']"
C10H15N5O4+H+,"['HMDB0028880', 'HMDB0028733']"
C13H17NO3+Na+,['HMDB0033610']
C30H50NO7P+H+,['HMDB0010404']
C29H47NO4+Na+,"['HMDB0006321', 'HMDB0006496', 'HMDB0031402']"
C34H48O7+,['HMDB0035388']
C24H50NO7P+H+,['HMDB0010382']
C24H51NO7P+,"['HMDB0061702', 'HMDB0062541']"
C12H18O6+,['HMDB0032527']
C28H46O4+Na+,"['HMDB0032875', 'HMDB0012557', 'HMDB0032107', 'HMDB0032123', 'HMDB0040999', 'HMDB0041527']"
C26H52NO7P+H+,"['HMDB0002815', 'HMDB0010385', 'HMDB0062651']"
C26H53NO7P+,['HMDB0061701']
C14H17N5O8+H+,['HMDB0000912']
C13H15N3O2+Na+,['HMDB0060861']
C9H12O4+,"['HMDB0001490', 'HMDB0035056', 'HMDB0036072', 'HMDB0039650', 'HMDB0040603', 'HMDB0059730', 'HMDB0131233', 'HMDB0126618', 'HMDB0126619', 'HMDB0126620', 'HMDB0125593', 'HMDB0125597']"
C28H46O4+H+,"['HMDB0032875', 'HMDB0012557', 'HMDB0032107', 'HMDB0032123', 'HMDB0040999', 'HMDB0041527']"
C5H15NO4P+,['HMDB0001565']
C18H23NO4+,"['HMDB0015234', 'HMDB0035587', 'HMDB0036359', 'HMDB0039765', 'HMDB0041860', 'HMDB0061077', 'HMDB0061078']"
C18H23NO4+H+,"['HMDB0015234', 'HMDB0035587', 'HMDB0036359', 'HMDB0039765', 'HMDB0041860', 'HMDB0061077', 'HMDB0061078']"
C5H5N5O+H+,"['HMDB0000403', 'HMDB0000132', 'HMDB0000542']"
C10H17N2O5+Na+,['HMDB0029126']
C19H22N2O+Na+,"['HMDB0030282', 'HMDB0033432']"
C31H42O3+Na+,['HMDB0039086']
C9H17NO8+H+,"['HMDB0000830', 'HMDB0037842']"
C14H16O6+,['HMDB0033884']
C26H50NO7P+H+,"['HMDB0010386', 'HMDB0062711']"
C12H16N2O5+,"['HMDB0029051', 'HMDB0029114']"
C10H11NO+Na+,"['HMDB0003447', 'HMDB0030267', 'HMDB0040042', 'HMDB0040028', 'HMDB0040048']"
C10H16N4O3+H+,"['HMDB0005769', 'HMDB0000194', 'HMDB0000745']"
C15H15NO3+Na+,['HMDB0014643']
C6H15N4O2+,['HMDB0062762']
C6H14N4O2+H+,"['HMDB0000517', 'HMDB0003416']"
C26H45NO7S+Na+,"['HMDB0000036', 'HMDB0000889', 'HMDB0000922', 'HMDB0000932', 'HMDB0011637']"
C10H12N4O5+Na+,"['HMDB0000195', 'HMDB0000481', 'HMDB0003040']"
C26H52NO7P+Na+,"['HMDB0002815', 'HMDB0010385', 'HMDB0062651']"
C10H14N5O7P+Na+,"['HMDB0000045', 'HMDB0001044', 'HMDB0003540', 'HMDB0011617', 'HMDB0059594']"
C23H46NO7P+H+,"['HMDB0011475', 'HMDB0011476', 'HMDB0011505', 'HMDB0011506']"
C10H15N5O10P2+Na+,"['HMDB0000061', 'HMDB0000960', 'HMDB0001341']"
C10H13N5O5+Na+,"['HMDB0000133', 'HMDB0003333']"
C8H17NO2+H+,"['HMDB0000991', 'HMDB0014375']"
C8H18NO2+,"['HMDB0013305', 'HMDB0015654']"
C11H20N2O3+H+,"['HMDB0011174', 'HMDB0011175']"
C31H33N3O7S+H+,['HMDB0060986']
C30H52NO7P+H+,"['HMDB0010402', 'HMDB0010403']"
C26H48NO7P+H+,"['HMDB0010387', 'HMDB0010388']"
C10H15N3O5+Na+,"['HMDB0000982', 'HMDB0039229']"
C9H17NO4+H+,"['HMDB0000201', 'HMDB0062176']"
C16H33NO3+H+,['HMDB0032358']
C28H50NO7P+H+,"['HMDB0010395', 'HMDB0010396']"
C28H51NO7P+,['HMDB0061699']
C32H48O7+,['HMDB0041027']
C7H6O4+Na+,"['HMDB0001856', 'HMDB0000152', 'HMDB0000397', 'HMDB0013676', 'HMDB0013677', 'HMDB0029666', 'HMDB0034299', 'HMDB0125090']"
C26H55NO7P+,['HMDB0094688']
C26H54NO7P+H+,"['HMDB0010384', 'HMDB0011128', 'HMDB0062195']"
C27H44O7+,['HMDB0030180']
C34H50O7+,"['HMDB0035292', 'HMDB0035294', 'HMDB0035605']"
C30H46O7+,"['HMDB0034392', 'HMDB0035304', 'HMDB0035699', 'HMDB0039691']"
C10H14N5O5+,['HMDB0061067']
C10H13N5O5+H+,"['HMDB0000133', 'HMDB0003333']"
C8H7NO+Na+,"['HMDB0032390', 'HMDB0004094', 'HMDB0029757', 'HMDB0034666', 'HMDB0060486', 'HMDB0061918', 'HMDB0059805']"
C25H30N3+,['HMDB0014550']
C30H50NO7P+Na+,['HMDB0010404']
C10H15N3O5+H+,"['HMDB0000982', 'HMDB0039229']"
C24H50NO7P+Na+,['HMDB0010382']
C12H22O11+Na+,"['HMDB0000163', 'HMDB0000048', 'HMDB0000055', 'HMDB0000186', 'HMDB0000258', 'HMDB0000740', 'HMDB0000975', 'HMDB0002923', 'HMDB0005826', 'HMDB0006603', 'HMDB0006792', 'HMDB0011742', 'HMDB0011740', 'HMDB0029880', 'HMDB0029882', 'HMDB0029898', 'HMDB0029902', 'HMDB0029919', 'HMDB0029933', 'HMDB0033368', 'HMDB0038489', 'HMDB0039237', 'HMDB0039727', 'HMDB0039876', 'HMDB0041627', 'HMDB0060068', 'HMDB0125600', 'HMDB0133305']"
C26H56NO6P+H+,"['HMDB0011149', 'HMDB0062689']"
C15H14O11+,"['HMDB0040572', 'HMDB0129413']"
C13H24N4O3S+H+,['HMDB0014517']
C26H50NO7P+Na+,"['HMDB0010386', 'HMDB0062711']"
C10H14N5O8P+H+,"['HMDB0001397', 'HMDB0011670', 'HMDB0059639']"
C23H45NO4+H+,['HMDB0000222']
C17H12O5+,['HMDB0034126']
C7H6O4+H+,"['HMDB0001856', 'HMDB0000152', 'HMDB0000397', 'HMDB0013676', 'HMDB0013677', 'HMDB0029666', 'HMDB0034299', 'HMDB0125090']"
C18H35NO+H+,['HMDB0002117']
C13H10N2O5+H+,"['HMDB0013870', 'HMDB0013871', 'HMDB0013872']"
C18H33NO+H+,['HMDB0062656']
C14H18N5O11P+H+,"['HMDB0000536', 'HMDB0059653']"
C14H10O6+H+,"['HMDB0033326', 'HMDB0038715', 'HMDB0041243', 'HMDB0132302', 'HMDB0132303', 'HMDB0132304']"
C12H20N2O7+H+,"['HMDB0033909', 'HMDB0034894', 'HMDB0038696']"
C28H56NO7P+H+,"['HMDB0010391', 'HMDB0011148']"
C22H24N2O2+H+,['HMDB0240231']
C25H49NO4+H+,"['HMDB0000848', 'HMDB0062532']"
C10H9NO+H+,"['HMDB0001190', 'HMDB0062503']"
C9H14N4O3+H+,"['HMDB0028689', 'HMDB0028878', 'HMDB0000033', 'HMDB0012482']"
C9H9NO3+H+,"['HMDB0032398', 'HMDB0032595', 'HMDB0000714', 'HMDB0000992', 'HMDB0012884']"
C25H50NO7P+H+,"['HMDB0011482', 'HMDB0011512']"
C25H47NO4+H+,"['HMDB0005065', 'HMDB0006351', 'HMDB0006464', 'HMDB0013338', 'HMDB0094687']"
C8H14N3O7P+H+,['HMDB0001235']
C18H29NO2+H+,['HMDB0015447']
C15H10O6+H+,"['HMDB0029711', 'HMDB0005800', 'HMDB0005801', 'HMDB0030543', 'HMDB0034014', 'HMDB0034150', 'HMDB0034444', 'HMDB0041658', 'HMDB0041688', 'HMDB0041702', 'HMDB0126034', 'HMDB0130166', 'HMDB0126621', 'HMDB0133318', 'HMDB0130178', 'HMDB0125209', 'HMDB0125367', 'HMDB0126024', 'HMDB0128587', 'HMDB0129345', 'HMDB0132872', 'HMDB0133317', 'HMDB0133315', 'HMDB0133988', 'HMDB0134010', 'HMDB0134014', 'HMDB0134018', 'HMDB0134022', 'HMDB0140457', 'HMDB0140464', 'HMDB0140477']"
C3H10NO4P+H+,['HMDB0060173']
C14H26N4O11P2+H+,['HMDB0001413']
C4H9N3O2+H+,"['HMDB0013222', 'HMDB0000064']"
C28H46O4+K+,"['HMDB0041527', 'HMDB0040999', 'HMDB0032123', 'HMDB0032107', 'HMDB0012557', 'HMDB0032875']"
C24H30F2O6+Na+,['HMDB0014729']
C15H29NO5+H+,['HMDB0061634']
C28H52NO7P+H+,"['HMDB0010394', 'HMDB0010393']"
C7H19N3+H+,['HMDB0001257']
C18H33NO+Na+,['HMDB0062656']
C28H50NO7P+Na+,"['HMDB0010396', 'HMDB0010395']"
C17H26O4+Na+,"['HMDB0040646', 'HMDB0035754', 'HMDB0034779', 'HMDB0005783', 'HMDB0035722']"
C24H50NO6P+H+,['HMDB0010407']
C25H45NO4+H+,"['HMDB0006469', 'HMDB0006461']"
C27H30O11+Na+,"['HMDB0135872', 'HMDB0135871', 'HMDB0135870', 'HMDB0135869', 'HMDB0135868', 'HMDB0135866', 'HMDB0135863', 'HMDB0135862', 'HMDB0135861', 'HMDB0135860', 'HMDB0139406', 'HMDB0139405', 'HMDB0133821', 'HMDB0133820', 'HMDB0133819', 'HMDB0133818', 'HMDB0133817', 'HMDB0133816', 'HMDB0133815', 'HMDB0133814', 'HMDB0133813', 'HMDB0133811', 'HMDB0133808', 'HMDB0133807', 'HMDB0125832', 'HMDB0125908', 'HMDB0125904', 'HMDB0125903', 'HMDB0125900', 'HMDB0125897', 'HMDB0125892', 'HMDB0125891', 'HMDB0125888', 'HMDB0125887']"
C10H26N4+H+,['HMDB0001256']
C16H18N6O5+Na+,['HMDB0040912']
C6H12O6+Na+,"['HMDB0240211', 'HMDB0240210', 'HMDB0240209', 'HMDB0240208', 'HMDB0240207', 'HMDB0125599', 'HMDB0062538', 'HMDB0062473', 'HMDB0062202', 'HMDB0062170', 'HMDB0062138', 'HMDB0034220', 'HMDB0033704', 'HMDB0032222', 'HMDB0012326', 'HMDB0006088', 'HMDB0003449', 'HMDB0003418', 'HMDB0003345', 'HMDB0001266', 'HMDB0001151', 'HMDB0000660', 'HMDB0000211', 'HMDB0000143', 'HMDB0000122', 'HMDB0000346', 'HMDB0061922', 'HMDB0000516', 'HMDB0000169']"
C25H36O3+H+,"['HMDB0036425', 'HMDB0034952']"
C19H24O4+H+,"['HMDB0134704', 'HMDB0029566']"
C24H48NO7P+H+,['HMDB0010383']
C10H16N5O13P3+H+,"['HMDB0059593', 'HMDB0001440', 'HMDB0000538']"
C10H19NO4+H+,"['HMDB0062514', 'HMDB0000824']"
C9H20N2O2+H+,['HMDB0001325']
C21H36O3+H+,"['HMDB0112067', 'HMDB0112079', 'HMDB0112076', 'HMDB0112072', 'HMDB0112101', 'HMDB0038105', 'HMDB0031005', 'HMDB0006070']"
C21H41NO4+H+,['HMDB0005066']
C27H54NO7P+H+,"['HMDB0011521', 'HMDB0011491']"
C27H44NO7P+H+,"['HMDB0011526', 'HMDB0011496']"
C12H23NO4+H+,"['HMDB0041993', 'HMDB0013128', 'HMDB0000688', 'HMDB0000378']"
C11H21NO5+H+,"['HMDB0062735', 'HMDB0013127']"
C11H21NO4+H+,"['HMDB0062606', 'HMDB0062510', 'HMDB0002013', 'HMDB0000736']"
C29H48O4+H+,"['HMDB0033634', 'HMDB0012555']"
C5H5N5+H+,['HMDB0000034']
C15H15NO3+H+,['HMDB0014643']
C24H29NO9+H+,['HMDB0060464']
C21H26O3+H+,"['HMDB0014602', 'HMDB0003039']"
C18H26O4+H+,"['HMDB0034780', 'HMDB0012799']"
C6H8N2O2+H+,"['HMDB0004988', 'HMDB0002820', 'HMDB0002144', 'HMDB0002271']"
C30H26O9+H+,['HMDB0135066']
C6H6N2O2+H+,"['HMDB0061680', 'HMDB0034174', 'HMDB0002730', 'HMDB0000301', 'HMDB0031338']"
C15H23N5O3+H+,"['HMDB0028989', 'HMDB0028716']"
C18H30O+H+,"['HMDB0037519', 'HMDB0034495']"
C11H8O5+H+,"['HMDB0129373', 'HMDB0039820', 'HMDB0036346', 'HMDB0035086', 'HMDB0030789']"
C9H15N3O2S+H+,['HMDB0003045']
C28H48NO7P+H+,['HMDB0010397']
C18H12O7+H+,"['HMDB0128864', 'HMDB0128863', 'HMDB0128862', 'HMDB0041773', 'HMDB0033240']"
C24H34O2+H+,['HMDB0039760']
C37H66O4+H+,['HMDB0029795']
C23H44NO7P+H+,"['HMDB0011507', 'HMDB0011477']"
C17H13NO3+H+,"['HMDB0038955', 'HMDB0033480', 'HMDB0030244']"
C7H7NO2+H+,"['HMDB0060722', 'HMDB0015687', 'HMDB0029806', 'HMDB0001538', 'HMDB0001392', 'HMDB0001123', 'HMDB0000875', 'HMDB0001891']"
C35H66O4+H+,"['HMDB0033607', 'HMDB0033606', 'HMDB0033605', 'HMDB0033604']"
C22H22O7+H+,"['HMDB0038921', 'HMDB0034030']"
C18H24O3+H+,"['HMDB0062741', 'HMDB0060999', 'HMDB0060353', 'HMDB0040864', 'HMDB0005896', 'HMDB0000431', 'HMDB0000356', 'HMDB0000347', 'HMDB0000338', 'HMDB0000153']"
C12H22N4O5+H+,['HMDB0013016']
C26H44O8+H+,"['HMDB0038540', 'HMDB0038539']"
C32H66NO7P+H+,['HMDB0010405']
C14H29NaO4S+H+,['HMDB0014607']
C25H31N3O4+H+,['HMDB0033469']
C5H11NO2+H+,"['HMDB0015550', 'HMDB0013716', 'HMDB0003355', 'HMDB0002141', 'HMDB0001382', 'HMDB0000883', 'HMDB0000043']"
C12H20N2O3+H+,['HMDB0015407']
C11H19NO6+H+,"['HMDB0062785', 'HMDB0061717', 'HMDB0034777', 'HMDB0033865', 'HMDB0013133']"
C10H13N4O8P+H+,"['HMDB0011681', 'HMDB0000175']"
C16H12O9+H+,"['HMDB0131885', 'HMDB0131884', 'HMDB0131883', 'HMDB0129456']"
C23H43NO4+H+,"['HMDB0006317', 'HMDB0013207']"
C34H34N4O4+H+,['HMDB0000241']
C29H45NO4+Na+,['HMDB0006510']
C11H18O11+Na+,"['HMDB0127655', 'HMDB0127654', 'HMDB0040737', 'HMDB0039723']"
C10H13N4O8P+Na+,"['HMDB0011681', 'HMDB0000175']"
C21H28N6O4S+Na+,['HMDB0060932']
C28H28O6+Na+,"['HMDB0036983', 'HMDB0030556']"
C24H48NO7P+Na+,['HMDB0010383']
C32H49NO5+Na+,['HMDB0030291']
C4H7N3O+Na+,['HMDB0000562']
C5H4N4O+H+,"['HMDB0014581', 'HMDB0000157']"
C21H26O4+H+,['HMDB0029525']
C16H28O8+H+,"['HMDB0041546', 'HMDB0039469', 'HMDB0039014', 'HMDB0034874', 'HMDB0034786', 'HMDB0033645', 'HMDB0033236', 'HMDB0033219', 'HMDB0033011', 'HMDB0033009']"
C15H27NO2Si2+H+,['HMDB0094675']
C14H10O8+H+,['HMDB0059651']
C21H20O7+H+,"['HMDB0139010', 'HMDB0125991', 'HMDB0125990', 'HMDB0125989', 'HMDB0125988', 'HMDB0125986', 'HMDB0040934', 'HMDB0040837', 'HMDB0040813', 'HMDB0040134', 'HMDB0039634', 'HMDB0039617', 'HMDB0038874', 'HMDB0038950', 'HMDB0038396', 'HMDB0036281', 'HMDB0035479', 'HMDB0034914', 'HMDB0030621', 'HMDB0029541']"
C24H51NO7P+H+,"['HMDB0062541', 'HMDB0061702']"
C37H47NO4+H+,['HMDB0040684']
C19H37NO4+H+,['HMDB0002250']
C6H6N2O+H+,"['HMDB0001406', 'HMDB0031861']"
C14H20N6O5S+H+,['HMDB0000939']
C24H31ClO8+H+,['HMDB0037042']
C20H16O7+H+,"['HMDB0127391', 'HMDB0127390', 'HMDB0127389', 'HMDB0127429', 'HMDB0127428', 'HMDB0127427', 'HMDB0127426', 'HMDB0034141']"
C15H10O5+H+,"['HMDB0137516', 'HMDB0137515', 'HMDB0137514', 'HMDB0137513', 'HMDB0137517', 'HMDB0134890', 'HMDB0133316', 'HMDB0133311', 'HMDB0133990', 'HMDB0130780', 'HMDB0129338', 'HMDB0126019', 'HMDB0140468', 'HMDB0130170', 'HMDB0132880', 'HMDB0129963', 'HMDB0041655', 'HMDB0039449', 'HMDB0035214', 'HMDB0034409', 'HMDB0034004', 'HMDB0033860', 'HMDB0033790', 'HMDB0031715', 'HMDB0030829', 'HMDB0029372', 'HMDB0029521', 'HMDB0002124', 'HMDB0003217']"
C19H19NO3+H+,['HMDB0030207']
C11H15N2O8P+H+,['HMDB0000229']
C15H10O4+H+,"['HMDB0137527', 'HMDB0137607', 'HMDB0137530', 'HMDB0137524', 'HMDB0137521', 'HMDB0134550', 'HMDB0134549', 'HMDB0134548', 'HMDB0134547', 'HMDB0134546', 'HMDB0134545', 'HMDB0133314', 'HMDB0130510', 'HMDB0130504', 'HMDB0130498', 'HMDB0130927', 'HMDB0130907', 'HMDB0140470', 'HMDB0036619', 'HMDB0033153', 'HMDB0030874', 'HMDB0030670', 'HMDB0030699', 'HMDB0003312']"
C31H42O9+H+,['HMDB0037035']
C10H14O4S-H-,"['HMDB0133674', 'HMDB0062720']"
C6H12O6+Cl-,"['HMDB0240211', 'HMDB0240210', 'HMDB0240209', 'HMDB0240208', 'HMDB0240207', 'HMDB0125599', 'HMDB0062538', 'HMDB0062473', 'HMDB0062202', 'HMDB0062170', 'HMDB0062138', 'HMDB0034220', 'HMDB0033704', 'HMDB0032222', 'HMDB0012326', 'HMDB0006088', 'HMDB0003449', 'HMDB0003418', 'HMDB0003345', 'HMDB0001266', 'HMDB0001151', 'HMDB0000660', 'HMDB0000211', 'HMDB0000143', 'HMDB0000122', 'HMDB0000346', 'HMDB0061922', 'HMDB0000516', 'HMDB0000169']"
C13H22O4-H-,"['HMDB0038736', 'HMDB0030987']"
C10H14N5O7P-H-,"['HMDB0059594', 'HMDB0011617', 'HMDB0003540', 'HMDB0001044', 'HMDB0000045']"
C6H14O12P2-H-,"['HMDB0062191', 'HMDB0060444', 'HMDB0060269', 'HMDB0006872', 'HMDB0006235', 'HMDB0006234', 'HMDB0003514', 'HMDB0001058', 'HMDB0001047', 'HMDB0000968']"
C6H13O9P-H-,"['HMDB0062705', 'HMDB0060467', 'HMDB0006873', 'HMDB0006814', 'HMDB0006800', 'HMDB0006797', 'HMDB0006330', 'HMDB0006328', 'HMDB0003971', 'HMDB0002985', 'HMDB0001586', 'HMDB0001401', 'HMDB0001313', 'HMDB0001078', 'HMDB0001076', 'HMDB0000994', 'HMDB0000645', 'HMDB0000213', 'HMDB0000124', 'HMDB0003498']"
C20H32O2-H-,"['HMDB0039702', 'HMDB0039687', 'HMDB0037824', 'HMDB0036830', 'HMDB0036829', 'HMDB0036754', 'HMDB0036702', 'HMDB0014996', 'HMDB0006036', 'HMDB0002177', 'HMDB0001043', 'HMDB0036721']"
C10H16N4O3-H-,"['HMDB0000745', 'HMDB0000194', 'HMDB0005769']"
C18H36O2-H-,"['HMDB0061946', 'HMDB0031066', 'HMDB0029811', 'HMDB0000827']"
C13H9NO-H-,['HMDB0029743']
C14H24O4-H-,"['HMDB0036143', 'HMDB0030993']"
C9H14N4O3-H-,"['HMDB0012482', 'HMDB0000033', 'HMDB0028878', 'HMDB0028689']"
C18H34O2-H-,"['HMDB0240219', 'HMDB0062703', 'HMDB0062242', 'HMDB0062218', 'HMDB0059871', 'HMDB0041480', 'HMDB0003231', 'HMDB0000207', 'HMDB0000573']"
C6H8O7-H-,"['HMDB0041862', 'HMDB0033717', 'HMDB0006511', 'HMDB0005971', 'HMDB0000193', 'HMDB0000094', 'HMDB0001874']"
C8H14O7-H-,"['HMDB0131286', 'HMDB0125202', 'HMDB0010325']"
C23H32N2O5-H-,['HMDB0014324']
C16H32O2-H-,"['HMDB0036210', 'HMDB0034153', 'HMDB0033166', 'HMDB0031068', 'HMDB0002396', 'HMDB0000220', 'HMDB0032065', 'HMDB0032324', 'HMDB0032249']"
C22H32O2-H-,"['HMDB0038908', 'HMDB0035185', 'HMDB0030446', 'HMDB0030053', 'HMDB0002183']"
C10H16O4-H-,"['HMDB0036715', 'HMDB0034491', 'HMDB0013227', 'HMDB0000603', 'HMDB0030990', 'HMDB0030989', 'HMDB0034971']"
C18H30O3S-H-,"['HMDB0059915', 'HMDB0031031']"
C10H17N3O6S-H-,['HMDB0000125']
C18H32O2-H-,"['HMDB0062784', 'HMDB0062238', 'HMDB0031097', 'HMDB0031051', 'HMDB0030430', 'HMDB0029800', 'HMDB0006270', 'HMDB0005048', 'HMDB0005047', 'HMDB0003797', 'HMDB0000673']"
C6H9NO5-H-,"['HMDB0060273', 'HMDB0039163', 'HMDB0003470', 'HMDB0000812']"
C10H13N4O8P-H-,"['HMDB0011681', 'HMDB0000175']"
C9H17O12P-H-,['HMDB0012152']
C26H32O3-H-,['HMDB0031977']
C37H71O8P-H-,"['HMDB0115091', 'HMDB0115062', 'HMDB0114924', 'HMDB0114899', 'HMDB0114877', 'HMDB0031130', 'HMDB0007859', 'HMDB0007858']"
C29H41NO7-H-,['HMDB0014754']
C41H78NO8P-H-,"['HMDB0114015', 'HMDB0114042', 'HMDB0113943', 'HMDB0113884', 'HMDB0113858', 'HMDB0113857', 'HMDB0113856', 'HMDB0114211', 'HMDB0114068', 'HMDB0114239', 'HMDB0113025', 'HMDB0113339', 'HMDB0009547', 'HMDB0009515', 'HMDB0009286', 'HMDB0009254', 'HMDB0009059', 'HMDB0009058', 'HMDB0009026', 'HMDB0009025', 'HMDB0008994', 'HMDB0008966', 'HMDB0008934', 'HMDB0009090', 'HMDB0008875', 'HMDB0008843', 'HMDB0007940', 'HMDB0008132']"
C39H76NO8P-H-,"['HMDB0114038', 'HMDB0114011', 'HMDB0113986', 'HMDB0113965', 'HMDB0113853', 'HMDB0113852', 'HMDB0113851', 'HMDB0113850', 'HMDB0112954', 'HMDB0112953', 'HMDB0113139', 'HMDB0113112', 'HMDB0009250', 'HMDB0009218', 'HMDB0009055', 'HMDB0009022', 'HMDB0008990', 'HMDB0008958', 'HMDB0008927', 'HMDB0008926', 'HMDB0008866', 'HMDB0008834', 'HMDB0008000', 'HMDB0007936']"
C45H78NO8P-H-,"['HMDB0114028', 'HMDB0113981', 'HMDB0113980', 'HMDB0113959', 'HMDB0114579', 'HMDB0114553', 'HMDB0114526', 'HMDB0114166', 'HMDB0114139', 'HMDB0114138', 'HMDB0114110', 'HMDB0114109', 'HMDB0114083', 'HMDB0114082', 'HMDB0114055', 'HMDB0114388', 'HMDB0114387', 'HMDB0114360', 'HMDB0114332', 'HMDB0114306', 'HMDB0114305', 'HMDB0114278', 'HMDB0114277', 'HMDB0114250', 'HMDB0009620', 'HMDB0009619', 'HMDB0009588', 'HMDB0009558', 'HMDB0009461', 'HMDB0009365', 'HMDB0009364', 'HMDB0009684', 'HMDB0009653', 'HMDB0009652', 'HMDB0009332', 'HMDB0009331', 'HMDB0009301', 'HMDB0009300', 'HMDB0009269', 'HMDB0009206', 'HMDB0009077', 'HMDB0009076', 'HMDB0009429', 'HMDB0009396', 'HMDB0009044', 'HMDB0009043', 'HMDB0009012', 'HMDB0009108', 'HMDB0008724', 'HMDB0007958']"
C12H18O3-H-,"['HMDB0041573', 'HMDB0037816', 'HMDB0037735', 'HMDB0037642', 'HMDB0037135', 'HMDB0037104', 'HMDB0033102', 'HMDB0032797', 'HMDB0032871']"
C16H26O5-H-,['HMDB0015643']
C16H24N3O8-H-,['HMDB0060498']
C39H73O8P-H-,"['HMDB0116699', 'HMDB0115535', 'HMDB0115510', 'HMDB0115296', 'HMDB0115271', 'HMDB0115095', 'HMDB0114951', 'HMDB0114804', 'HMDB0031129', 'HMDB0007865', 'HMDB0007863', 'HMDB0007862', 'HMDB0007861', 'HMDB0007864']"
C10H12N5O6P-H-,"['HMDB0011616', 'HMDB0000058']"
C10H14N5O8P-H-,"['HMDB0059639', 'HMDB0011670', 'HMDB0001397']"
C12H22O11+K+,"['HMDB0133305', 'HMDB0125600', 'HMDB0060068', 'HMDB0041627', 'HMDB0039876', 'HMDB0039727', 'HMDB0039237', 'HMDB0038489', 'HMDB0033368', 'HMDB0029933', 'HMDB0029919', 'HMDB0029902', 'HMDB0029898', 'HMDB0029882', 'HMDB0029880', 'HMDB0011742', 'HMDB0011740', 'HMDB0006792', 'HMDB0006603', 'HMDB0005826', 'HMDB0002923', 'HMDB0000975', 'HMDB0000740', 'HMDB0000186', 'HMDB0000055', 'HMDB0000048', 'HMDB0000258', 'HMDB0000163']"
C10H7NO3+Na+,"['HMDB0060332', 'HMDB0060331', 'HMDB0000715']"
C10H7NO3+K+,"['HMDB0060332', 'HMDB0060331', 'HMDB0000715']"
C9H14N4O3+K+,"['HMDB0012482', 'HMDB0000033', 'HMDB0028878', 'HMDB0028689']"
C15H18O10+Na+,"['HMDB0134108', 'HMDB0134107', 'HMDB0134106', 'HMDB0134098', 'HMDB0134097', 'HMDB0134096', 'HMDB0133883', 'HMDB0133882', 'HMDB0133881', 'HMDB0128027', 'HMDB0128026', 'HMDB0126433', 'HMDB0126432', 'HMDB0126431', 'HMDB0124981', 'HMDB0124980', 'HMDB0124979', 'HMDB0041720']"
C28H33O14+Na+,['HMDB0033679']
C10H7NO3+H+,"['HMDB0060332', 'HMDB0060331', 'HMDB0000715']"
C24H50NO7P+K+,['HMDB0010382']
C18H32O16+K+,"['HMDB0060468', 'HMDB0041948', 'HMDB0040984', 'HMDB0040181', 'HMDB0039708', 'HMDB0039707', 'HMDB0039706', 'HMDB0039704', 'HMDB0039703', 'HMDB0038853', 'HMDB0038852', 'HMDB0038851', 'HMDB0035322', 'HMDB0034072', 'HMDB0033673', 'HMDB0033748', 'HMDB0029930', 'HMDB0029929', 'HMDB0029910', 'HMDB0029921', 'HMDB0029937', 'HMDB0011730', 'HMDB0011729', 'HMDB0006857', 'HMDB0006599', 'HMDB0003539', 'HMDB0003213', 'HMDB0001262', 'HMDB0029922']"
C15H28O4+K+,['HMDB0035918']
C6H12O6+K+,"['HMDB0240211', 'HMDB0240210', 'HMDB0240209', 'HMDB0240208', 'HMDB0240207', 'HMDB0125599', 'HMDB0062538', 'HMDB0062473', 'HMDB0062202', 'HMDB0062170', 'HMDB0062138', 'HMDB0034220', 'HMDB0033704', 'HMDB0032222', 'HMDB0012326', 'HMDB0006088', 'HMDB0003449', 'HMDB0003418', 'HMDB0003345', 'HMDB0001266', 'HMDB0001151', 'HMDB0000660', 'HMDB0000211', 'HMDB0000143', 'HMDB0000122', 'HMDB0000346', 'HMDB0061922', 'HMDB0000516', 'HMDB0000169']"
C7H15NO3+K+,"['HMDB0062496', 'HMDB0000062']"
C15H16O9S+K+,"['HMDB0127737', 'HMDB0127736']"
C18H24O3+Na+,"['HMDB0062741', 'HMDB0060999', 'HMDB0060353', 'HMDB0040864', 'HMDB0005896', 'HMDB0000431', 'HMDB0000356', 'HMDB0000347', 'HMDB0000338', 'HMDB0000153']"
C26H30O12+Na+,"['HMDB0133436', 'HMDB0133433', 'HMDB0133430', 'HMDB0125467', 'HMDB0125466', 'HMDB0125465', 'HMDB0125464']"
C15H22N6O5S+H+,['HMDB0062709']
C15H22N2O4+H+,"['HMDB0139646', 'HMDB0033464', 'HMDB0029109', 'HMDB0029108', 'HMDB0028919', 'HMDB0028941']"
C17H14O10+H+,['HMDB0129424']
C26H52NO6P+H+,['HMDB0010408']
C9H8O4+H+,"['HMDB0140956', 'HMDB0140955', 'HMDB0140954', 'HMDB0134041', 'HMDB0134040', 'HMDB0132508', 'HMDB0126377', 'HMDB0125805', 'HMDB0125102', 'HMDB0125589', 'HMDB0125527', 'HMDB0032131', 'HMDB0006915', 'HMDB0002130', 'HMDB0001964', 'HMDB0003501', 'HMDB0000707', 'HMDB0011663', 'HMDB0001879', 'HMDB0032057']"
C13H8F2O3+Na+,['HMDB0014999']
C13H13N3+H+,"['HMDB0015398', 'HMDB0029746']"
C37H68O4+H+,"['HMDB0035398', 'HMDB0035397']"
C14H28O7+H+,['HMDB0029362']
C9H15N3O2+H+,['HMDB0029422']
C47H69O8P+H+,['HMDB0115425']
C29H40N8O5+H+,['HMDB0030459']
C35H64O4+H+,"['HMDB0031169', 'HMDB0031168']"
C24H32O5+Na+,"['HMDB0035834', 'HMDB0030162']"
C10H11NO2+Na+,"['HMDB0060063', 'HMDB0040045', 'HMDB0037693', 'HMDB0033482', 'HMDB0012490', 'HMDB0001855']"
C21H22O5+H+,"['HMDB0140767', 'HMDB0135858', 'HMDB0135857', 'HMDB0135856', 'HMDB0135855', 'HMDB0135853', 'HMDB0135852', 'HMDB0133805', 'HMDB0133804', 'HMDB0133803', 'HMDB0133802', 'HMDB0133801', 'HMDB0133800', 'HMDB0133798', 'HMDB0133536', 'HMDB0133531', 'HMDB0133523', 'HMDB0133512', 'HMDB0133491', 'HMDB0133483', 'HMDB0133479', 'HMDB0133465', 'HMDB0133464', 'HMDB0125850', 'HMDB0125849', 'HMDB0125848', 'HMDB0125846', 'HMDB0125845', 'HMDB0125806', 'HMDB0125852', 'HMDB0124836', 'HMDB0124834', 'HMDB0124825', 'HMDB0124827', 'HMDB0124821', 'HMDB0039067', 'HMDB0037479', 'HMDB0035428', 'HMDB0035371', 'HMDB0034838', 'HMDB0035002', 'HMDB0034264', 'HMDB0034414', 'HMDB0034025', 'HMDB0030735', 'HMDB0030716', 'HMDB0029319', 'HMDB0038756']"
